--loome db (aktiveeri F5-ga - peab ka enne rea selectima)
create database TARge23SQL

--db valimine
use TARge23SQL

--db kustutamine
drop database TARge23SQL

--tabeli loomine
create table Gender
(
Id int not null primary key,
Gender nvarchar(10) not null
)

--andmete sisestamine
insert into Gender (Id, Gender)
values (1, 'Male'),
(2, 'Female'),
(3, 'Unknown')

--vaatame tabeli sisu
select * from Gender

--loome uue tabeli
create table Person
(
Id int not null primary key,
Name nvarchar(30),
Email nvarchar(30),
GenderId int
)

--andmete sisestamine
insert into Person (Id, Name, Email, GenderId) values
(1, 'Superman', 's@s.com', 1),
(2, 'Wonderwoman', 'w@w.com', 2),
(3, 'Batman', 'b@b.com', 1),
(4, 'Aquaman', 'a@a.com', 1),
(5, 'Catwoman', 'c@c.com', 2),
(6, 'Antman', 'ant"ant.com', 1),
(7, NULL, NULL, 3)

--vaadake Person tabeli andmeid
select * from Person

--võõrvõtme ühenduse loomine kahe tabeli vahel
alter table Person add constraint tblPerson_GenderId_FK
foreign key (GenderId) references Gender(Id)

--kui sisestad uue rea andmeid ja ei ole sisestanud GenderId-d 
--alla väärtust, siis see automaatselt sisestab sellelele reale 
--väärtuse 3 e unknown

alter table Person
add constraint DF_persons_GenderId
default 3 for GenderId

--sisestame andmed
insert into Person (Id, Name, Email)
values (9, 'Ironman', 'i@i.com')

select * from Person

--lisame uue veeru 
alter table Person
add Age nvarchar(10)

--lisame nr piirangu vanuse sisestamisel 
alter table Person
add constraint CK_Person_age check (Age > 0 and Age < 155)

--sisestame uue rea andmeid
insert into Person (Id, Name, Email, GenderId, Age)
values (10, 'Kalevipoeg', 'k@k.com', 1, 30)

--muudame koodiga andmeid
update Person
set Age = 35
where Id = 9

select * from Person

--sisestame muutuja City nvarchar(50)
alter table Person
add City nvarchar(50)

--sisestame City veergu andmeid
update Person
set City = 'Kaljuvald'
where Id = 10

select * from Person

--kõik, kes elavad Gothami linnas 
select * from Person where City = 'Gotham'
--kõik, kes ei ela Gothamis, kolm versiooni
select * from Person where City <> 'Gotham'
select * from Person where City != 'Gotham'
select * from Person where not City = 'Gotham'

--näitab teatud vanusega inimesi
select * from Person where Age = 120 or Age = 50 or Age = 19
select * from Person where Age in (120, 50, 19)

--näitab teatud vanusevahemikus olevaid inimesi
-- ka 22 ja 31 aastaseid
select * from Person where Age between 22 and 31

--wildcard e näitab kõik n-tähega linnad
select * from Person where City like 'n%'

--kõik emailid, kus on @-märk sees
select * from Person where Email like '%@%'

--näitab Emaile, kus ei ole @-märki sees
select * from Person where Email not like '%@%'

--näitab, kellel on emailis ees ja peale @-märki ainult üks märk
select * from Person where Email like '_@_.com'

update Person
set Email = 'bat@bat.com'
where Id = 3

--kõik, kellel nimes ei ole esimene täht W, A, C
select * from Person where name like '[^WAZ]%'
select * from Person

--kes elavad Gothamis ja New Yorkis
select * from Person where (City = 'Gotham' or City = 'New York')

--kõik, kes elavad välja toodud linnades ja on vanemad kui 29
select * from Person where (City = 'Gotham' or City = 'New York')
and Age >= 30

--kuvab tähestikulises järjekorras inimesi ja võtab aluseks nime
select * from Person order by Name
--kuvab vastupidises järjekorras
select * from Person order by Name desc

--võtab 3 esimest rida
select top 3 * from Person

--kolm esimest, aga tabeli järjestus on Age ja siis Name
select * from Person
select top 3 Age, Name from Person

--näita esimene 50% tabeli sisust
select top 50 percent * from Person

--järjestab vanuse järgi isikud
select * from Person order by cast(Age as int) desc

--05.03.2024
--kõikide isikute koondvanus
select sum(cast(Age as int)) from Person

--kuvab kõige nooremat isikut
select min(cast(Age as int)) from Person
--kuvab kõige vanemat isikut
select max(cast(Age as int)) from Person

--näeme konkreetsetes linnades olevate isikute koondvanust
select City, sum(cast(Age as int)) as TotalAge from Person group by City

--kuidas saab koodiga muuta andmetüüpi ja selle pikkust
alter table Person
alter column Age int

--kuvab esimeses reas välja toodud järjestuses jamuudab Age-i TotalAge-ks
--järjestab Citys olevate nimede järgi ja siis GenderID järgi
select City, GenderId, sum(Age) as TotalAge from Person
group by City, GenderId
order by City

insert into Person values
(11, 'Robin', 'robin@r.com', 1, 29, 'Gotham')

--näitab ridade arvu tabelis
select count(*) from Person
select * from Person

--näitab tulemust mitu inimest on GenderID väärtusega 1 konkreetses linnas
--arvutab vanuse kokku selles linnas 
select GenderId, City, sum(Age) as TotalAge, count(Id) as [Total Person(s)]
from Person
where GenderId = '1'
group by GenderId, City

--näitab ära inimeste koondvanuse, mis on üle 41 aasta ja kui palju neid igas linnas elab
--eristab inimeste soo ära
select GenderId, City, sum(Age) as TotalAge, count(Id)
as [Total Person(s)]
from Person
group by GenderId, City having sum(Age) > 41

--loome tabelid Employees ja department
create table Department
(
Id int not null primary key,
DepartmentName nvarchar(50),
Location nvarchar(50),
DepartmentHead nvarchar(50)
)

create table Employees
(
Id int not null primary key,
Name nvarchar(50),
Gender nvarchar(50),
Salary nvarchar(50),
DepartmentId int
)

--sisestage 10 rida andmeid tabelisse
insert into Employees (Id, Name, Gender, Salary, DepartmentId)
values (1, 'Tom', 'Male', 4000, 1),
(2, 'Pam', 'Female', 3000, 3),
(3, 'John', 'Male', 3500, 1),
(4, 'Sam', 'Male', 4500, 2),
(5, 'Todd', 'Male', 2800, 2),
(6, 'Ben', 'Male', 7000, 1),
(7, 'Sara', 'Female', 4800, 3),
(8, 'Valarie', 'Female', 5500, 1),
(9, 'James', 'Male', 6500, NULL),
(10, 'Russell', 'Male', 8800, NULL)

select * from Employees

--sisestage 4 rida andmeid tabelisse
insert into Department(Id, DepartmentName, Location, DepartmentHead)
values (1, 'IT', 'London', 'Rick'),
(2, 'Payroll', 'Delhi', 'Ron'),
(3, 'HR', 'New York', 'Christie'),
(4, 'Other Department', 'Sydney', 'Cinderella')

select * from Department

--left join
select Name, Gender, Salary, DepartmentName
from Employees
left join Department
on Employees.DepartmentId = Department.Id

--arvutab kõikide palgad kokku Employees tabelis
select sum(cast(Salary as int)) from Employees
--min palk
select min(cast(Salary as int)) from Employees
--ühe kuu palga saaja linnade lõikes
select Location, sum(cast(Salary as int)) as TotalSalary
from Employees
left join Department 
on Employees.DepartmentId = Department.Id 
group by Location

alter table Employees
add City nvarchar(30)

select * from Employees
--kirjutame info tabelisse iga rea kohta eraldi ehk 1 oli london jne
update Employees
set City = 'New York'
where Id = 10

--näitab erinevust palgafondi osas nii linnade kui ka soo osas
select City, Gender, sum(cast(Salary as int)) as TotalSalary from Employees
group by City, Gender
--sama päring nagu eelmine, aga linnad on tähestikulises järjekorras
select City, Gender, sum(cast(Salary as int)) as TotalSalary from Employees
group by City, Gender
order by City

--loeb ära ridade arvu Employees tabelis
select count(*) from Employees

--mitu töötajat on soo ja linna kaupa
select Gender, City,
count(Id) as [Total Employee(s)]
from Employees
group by Gender, City

--kuvab ainult kõik naised linnade kaupa
select Gender, City,
count(Id) as [Total Employee(s)]
from Employees
where Gender = 'Female'
group by Gender, City

--kuvab ainult kõik mehed linnade kaupa
--ja kasutame having
select Gender, City,
count(Id) as [Total Employee(s)]
from Employees
group by Gender, City
having Gender = 'Male'

--see ei tööta sest piirang tuleb
select * from Employees where sum(cast(Salary as int)) > 4000
--lahendus
select Gender, City, sum(cast(Salary as int)) as TotalSalary, count(Id)
as [Total Employee(s)]
from Employees group by Gender, City
having sum(cast(Salary as int)) > 4000

--loome tabeli, milles hakatakse automaatselt nummerdama Id-d
create table Test1
(
Id int identity(1,1),
Value nvarchar(20)
)

insert into Test1 values('X')
select * from Test1

--rida 303
alter table Employees
drop column City

--inner join
--kuvab neid, kellel on DepartmentName all olemas väärtus
select Name, Gender, Salary, DepartmentName
from Employees 
inner join Department
on Employees.DepartmentId = Department.Id

--left join
--kuidas saada kõik andmed Employeest kätte
select Name, Gender, Salary, DepartmentName
from Employees
left join Department --võib ka kasutada LEFT OUTER JOIN-i
on Employees.DepartmentId = Department.Id

--right join
--kuidas saada DepartmentName alla uus nimetus
select Name, Gender, Salary, DepartmentName
from Employees
right join Department --võib ka kasutada RIGHT OUTER JOIN-i
on Employees.DepartmentId = Department.Id

--kuidas saada kõikide tabelite väärtused ühte päringusse
select Name, Gender, Salary, DepartmentName
from Employees
full outer join Department
on Employees.DepartmentId = Department.Id

--cross join võtab kaks allpool olevat tabelit kokku ja 
--korrutab need omavahel läbi
select Name, Gender, Salary, DepartmentName
from Employees
cross join Department

--päringu sisu näide
select ColumnList
from LeftTable
joinType RightTable
on JoinCondition

--kuidas kuvada ainult need isikud, kelle on DepartmentName NULL
select Name, Gender, Salary, DepartmentName
from Employees
left join Department
on Employees.DepartmentId = Department.Id
where Employees.DepartmentId is null

--teine variant 
select Name, Gender, Salary, DepartmentName
from Employees
left join Department
on Employees.DepartmentId = Department.Id
where Department.Id is null

--full join 
--mõlema tabeli mitte-kattuvate väärtustega read kuvab välja
select Name, Gender, Salary, DepartmentName
from Employees
full join Department
on Employees.DepartmentId = Department.Id
where Employees.DepartmentId is null
or Department.Id is null

--kuidas saame Department tabelis oleva rea, kus on NULL
select Name, Gender, Salary, DepartmentName
from Employees
right join Department
on Employees.DepartmentId = Department.Id
where Employees.DepartmentId is null

--kuidas muuta tabeli nime, alguses vana tabeli nimi ja ss uue nimi
sp_rename 'Department1', 'Department'

--kasutame Employees tabeli asemel lühendit E ja Department puhul D
select E.Name as EmpName, D.DepartmentName as DeptName
from Employees E
left join Department D
on E.DepartmentId = D.Id

--inner join
--kuvab ainult DeptId all olevaid isikuid, kellel on DepartmentId veerus väärtus
select E.Name as EmpName, D.DepartmentName as DeptName
from Employees E
inner join Department D
on E.DepartmentId = D.Id

--cross join
select E.Name as EmpName, D.DepartmentName as DeptName
from Employees E
cross join Department D


--
select isnull('Ingvar', 'No Manager') as Manager

--NULL asemel kuvab No Manager
select coalesce(NULL, 'No Manager') as Manager

--kui Expression on õige, siis paneb väärtuse, mida soovid või
--mõne teise väärtuse
-- case when Expression Then '' else '' end

---
alter table Employees
add ManagerId int

--neil, kellel ei ole ülemust, siis paneb neile No manager teksti
select E.Name as Employee, isnull(M.Name, 'No Manager') as Manager
from Employees E
left join Employees M
on E.ManagerId = M.Id

--teeme päringu, kus kasutame case-i
select E.Name as Employee, case when M.Name is null then 'No Manager'
else M.Name end as Manager
from Employees E
left join Employees M
on E.ManagerId = M.Id

--lisame tabelisse uued veerud 
alter table Employees
add MiddleName nvarchar(30),
LastName nvarchar(30)

--muudame veeru nime
sp_rename 'Employees.Name', 'FirstName'

select * from Employees

update Employees
set FirstName = 'Sara'
where Id = 7

--igast reast võtab esimesena täidetud lahtri ja kuvab ainult seda
select Id, coalesce(FirstName, MiddleName, LastName) as Name 
from Employees

--loome kaks tabelit
create table IndianCustomers
(
Id int identity(1,1),
Name nvarchar(25),
Email nvarchar(25)
)

create table UKCustomers
(
Id int identity(1,1),
Name nvarchar(25),
Email nvarchar(25)
)

insert into IndianCustomers (Name, Email)
values ('Raj', 'R@R.com'),
('Sam', 'S@S.com')

insert into UKCustomers (Name, Email)
values ('Ben', 'B@B.com'),
('Sam', 'S@S.com')

select * from IndianCustomers
select * from UKCustomers

--kasutame union all, mis näitab kõiki ridu
select Id, Name, Email from IndianCustomers
union all
select Id, Name, Email from UKCustomers

--korduvate väärtustega read pannakse ühte ja ei korrata
select Id, Name, Email from IndianCustomers
union
select Id, Name, Email from UKCustomers

--kuidas sorteerida nime järgi
select Id, Name, Email from IndianCustomers
union
select Id, Name, Email from UKCustomers
order by Name

--stored procedure
create procedure spGetEmployees
as begin
	select FirstName, Gender from Employees
end

--nüüd saab kasutada selle nimelist sp-d (stored procedure)
spGetEmployees
exec spGetEmployees
execute spGetEmployees

---
create proc spGetEmployeesByGenderAndDepartment
@Gender nvarchar(20), 
@DepartmentId int
as begin
	select FirstName, Gender, DepartmentId from Employees where Gender = @Gender
	and DepartmentId = @DepartmentId
end

--kui nüüd allolevat käsklust käima panna, siis
spGetEmployeesByGenderAndDepartment
--õige variant
spGetEmployeesByGenderAndDepartment 'Female', 1

--niimoodi saab parameetrite järjestusest mööda minna
spGetEmployeesByGenderAndDepartment @DepartmentId = 1, @Gender = 'Male'

--saab sp sisu vaadata result vaates
sp_helptext spGetEmployeesByGenderAndDepartment

--kuidas muuta sp-d ja võti peale panna, et keegi teine peale teie ei saaks muuta
alter proc spGetEmployeesByGenderAndDepartment --proc on procedure lühend
@Gender nvarchar(20),
@DepartmentId int
with encryption
as begin
	select FirstName, Gender, DepartmentId from Employees where Gender = @Gender
	and DepartmentId = @DepartmentId
end

sp_helptext spGetEmployeesByGenderAndDepartment

create proc spGetEmployeesCountByGender
@Gender nvarchar(20),
@EmployeesCount int output
as begin
	select @EmployeesCount = count(Id) from Employees where Gender = @Gender
end

--annab tulemuse, kus loendab ära nõuetele vastavad read
--prindib ka tulemuse kirja teel
declare @TotalCount int
execute spGetEmployeesCountByGender 'male', @TotalCount out
if(@TotalCount = 0)
	print '@TotalCount is null'
else
	print '@Total is not null'
print @TotalCount
go -- tee ülevalpool pöring ära ja ss mine edasi
select * from Employees
